Gene	Description	A	C	G	T	Length	CG%	Orf_Length
NC_045512	NC_045512 |China	8954	5492	5863	9594	29903	0.379728	4405
MT334547	MT334547 |USA	8953	5486	5862	9602	29903	0.379494	4405
